plate,mjd,fiberid,run2d,specobj_id,ra,dec,z,zerr,zwarning,class,subclass
267,51608,384,26,300720855221037056,094954.14,+003658.65,0.006317,5e-06,0,GALAXY,STARBURST
267,51608,508,26,300754940081498112,095320.22,+004151.83,0.012555,7e-06,0,GALAXY,BROADLINE
269,51910,466,26,302995200089810944,100453.27,+001243.07,0.177913,2.8e-05,0,GALAXY,STARFORMING
280,51612,192,26,315304777518966784,112145.17,-000121.05,0.099054,9e-06,0,GALAXY,STARBURST
284,51943,170,26,319802335385643008,115247.51,-004007.66,0.004619,5e-06,0,GALAXY,STARBURST
291,51928,560,26,327790836865591296,124623.00,+002839.90,0.088512,1.5e-05,0,GALAXY,STARFORMING
298,51955,204,26,335574280131602432,133305.34,-010208.95,0.012346,5e-06,0,GALAXY,AGN BROADLINE
328,52282,535,26,369442267410229248,114329.64,-014430.02,0.106046,1.3e-05,0,GALAXY,
330,52370,471,26,371676476514265088,115237.68,-022806.39,0.003533,5e-06,0,GALAXY,STARBURST
336,51999,198,26,378356828062377984,124450.96,-021304.52,0.010874,6e-06,0,GALAXY,STARBURST
345,51690,229,26,388498443254917120,160818.74,-002745.43,0.112833,9e-06,0,GALAXY,
393,51794,456,26,442604037813069824,004402.90,+011312.54,0.119582,3e-05,0,GALAXY,
397,51794,109,26,447012254806730752,011248.61,-001724.67,0.017544,1.1e-05,0,GALAXY,AGN BROADLINE
403,51871,219,26,453797892109395968,015729.43,-005105.85,0.155504,2.8e-05,0,GALAXY,
405,51816,603,26,456155244116600832,021704.78,+011439.11,0.021411,8e-06,0,GALAXY,BROADLINE
411,51817,362,26,462844397998860288,030040.84,+010259.99,0.072075,1.9e-05,0,GALAXY,
412,52258,180,26,463920277525391360,031047.15,-003029.74,0.127465,3e-05,0,GALAXY,
412,52258,492,26,464006039432357888,031034.10,+002938.66,0.047427,1.8e-05,0,GALAXY,STARFORMING
422,51878,80,26,475151782427781120,011216.50,+143442.79,0.094201,1.7e-05,0,GALAXY,
427,51900,71,26,480778808429930496,020528.49,+131504.02,0.025916,1.2e-05,0,GALAXY,AGN BROADLINE
434,51885,639,26,488816238177314816,075510.14,+424014.80,0.072708,7e-06,0,GALAXY,STARFORMING
438,51884,462,26,493271184398379008,080312.61,+473649.74,0.117353,2e-05,0,GALAXY,AGN BROADLINE
440,51885,227,26,495458387920709632,080911.74,+490101.36,0.116703,2.4e-05,0,GALAXY,
444,51883,199,26,499954290933131264,083228.13,+523622.38,0.016941,1.4e-05,0,GALAXY,STARBURST
446,51899,139,26,502189598340835328,084423.57,+532639.88,0.753678,0.294303,0,GALAXY,
446,51899,529,26,502296800724543488,084510.51,+551946.67,0.112892,6e-06,0,GALAXY,AGN
446,51899,597,26,502315492422215680,084805.78,+542616.09,0.046712,1e-05,0,GALAXY,AGN
447,51877,376,26,503380643942524928,084317.21,+524528.54,0.058749,1.1e-05,0,GALAXY,BROADLINE
450,51908,409,26,506767415154075648,090613.77,+561015.21,0.04662,9e-06,0,GALAXY,STARBURST
457,51901,166,26,514581919053146112,025350.37,-075636.52,0.115913,7e-06,0,GALAXY,STARFORMING
460,51924,616,26,518083314217674752,032525.36,-060837.93,0.034414,1.2e-05,0,GALAXY,AGN
462,51909,444,26,520287834779707392,033923.15,-054841.61,0.084796,8e-06,0,GALAXY,AGN
465,51910,482,26,523675979877476352,040852.23,-045504.79,0.184822,2.16119,0,GALAXY,
468,51912,233,26,526985235032729600,085141.01,+002443.58,0.051431,5e-06,0,GALAXY,STARFORMING
468,51912,523,26,527064949625743360,085309.55,+021447.12,0.035238,9e-06,0,GALAXY,
472,51955,247,26,531492683672217600,091138.38,-004253.99,0.070203,7e-06,0,GALAXY,STARFORMING
473,51929,374,26,532653492637034496,091610.58,+022252.03,0.271356,5.6e-05,0,GALAXY,
473,51929,492,26,532685928230053888,092006.44,+015807.65,0.084976,2.3e-05,0,GALAXY,BROADLINE
475,51965,626,26,534974562287249408,093313.95,+015858.64,0.031121,1.1e-05,0,GALAXY,STARFORMING
486,51910,231,26,547250883566528512,093551.59,+612111.53,0.039386,1.4e-05,0,GALAXY,AGN BROADLINE
488,51914,555,26,549591743889172480,102039.81,+642435.90,0.122295,1.8e-05,0,GALAXY,AGN
489,51930,50,26,550578830721443840,103801.63,+641558.95,0.005577,1.2e-05,0,GALAXY,STARFORMING
499,51988,5,26,561825461257136128,143213.33,+631703.83,0.123051,1.9e-05,0,GALAXY,
499,51988,84,26,561847176611784704,142656.14,+630045.98,0.020883,5e-06,0,GALAXY,STARBURST
512,51992,536,26,576608120281786368,112934.19,+032304.88,0.108812,3.6e-05,0,GALAXY,
516,52017,119,26,580997096241391616,120242.24,+015836.48,0.006542,1e-05,0,GALAXY,STARFORMING
519,52283,124,26,584376174814193664,122343.30,+011839.92,0.026255,5e-06,0,GALAXY,STARBURST
519,52283,415,26,584456164285114368,122242.34,+030830.54,0.023084,8e-06,0,GALAXY,AGN
521,52326,300,26,586676353860921344,123805.17,+012839.90,0.006158,1.4e-05,0,GALAXY,AGN
533,51994,537,26,600252293236942848,141451.35,+030751.33,0.025277,7e-06,0,GALAXY,AGN BROADLINE
538,52029,413,26,605847708497897472,145245.47,+025321.34,0.264146,2.9e-05,0,GALAXY,
546,52205,419,26,614856559972870144,081228.55,+432516.05,0.047033,8e-06,0,GALAXY,STARBURST
550,51959,433,26,619364003763742720,083637.79,+481752.52,0.187274,0.583505,0,GALAXY,
553,51999,342,26,622716690265827328,090704.88,+532656.62,0.029851,5e-06,0,GALAXY,STARBURST
556,51991,11,26,626003405264939008,094930.30,+553446.94,0.005252,3e-06,0,GALAXY,STARBURST
574,52355,356,26,646364442572908544,100936.42,+043616.94,0.121675,7e-06,0,GALAXY,STARBURST
575,52319,200,26,647447460922288128,102339.64,+041110.61,0.289746,9e-06,0,GALAXY,STARBURST BROADLINE
588,52045,622,26,662200153591015424,145851.88,+041243.41,0.043913,8e-06,0,GALAXY,STARBURST
591,52022,467,26,665535246850091008,151749.18,+040945.18,0.036824,1.3e-05,0,GALAXY,
603,52056,192,26,678970454878218240,132420.12,+634059.92,0.144493,9e-06,0,GALAXY,AGN BROADLINE
611,52055,128,26,687960061930137600,150525.70,+601624.97,0.129535,1.5e-05,0,GALAXY,AGN BROADLINE
613,52345,393,26,690284709254555648,151140.96,+594832.12,0.008217,8e-06,0,GALAXY,
615,52347,594,26,692591759561091072,153812.94,+581709.70,0.142767,3.2e-05,0,GALAXY,
616,52442,364,26,693654439143172096,153704.18,+551550.62,0.00225,5e-06,0,GALAXY,STARBURST
624,52377,361,26,702660812673673216,161623.54,+470202.32,0.002372,4e-06,0,GALAXY,STARBURST
629,52051,561,26,708345282319902720,164527.95,+454517.04,0.154413,2e-05,0,GALAXY,
647,52553,235,26,728521878867568640,233505.82,-101625.27,0.059491,6e-06,0,GALAXY,STARBURST
657,52177,458,26,739842169401010176,005329.92,-084604.04,0.018978,1.1e-05,0,GALAXY,AGN
662,52147,180,26,745395252373776384,013253.31,-095239.53,5.72974,0.000826,16,QSO,BROADLINE
663,52145,306,26,746555786863339520,013402.53,-094626.96,0.040774,9e-06,0,GALAXY,AGN
667,52163,205,26,751031624124098560,020920.85,-100759.08,0.012857,7e-06,0,GALAXY,AGN BROADLINE
676,52178,420,26,761223822287333376,225222.60,+010533.15,0.016431,8e-06,0,GALAXY,
691,52199,123,26,778030682503931904,004533.90,-010606.24,0.01377,4e-06,0,GALAXY,STARFORMING
719,52203,555,26,809674627218434048,221731.44,-084537.91,0.156849,1.4e-05,0,GALAXY,AGN BROADLINE
727,52207,504,26,818667807767029760,210319.51,+105638.94,0.043153,9e-06,0,GALAXY,STARFORMING BROADLINE
731,52460,381,26,823137601656481792,213137.56,+114953.90,0.02883,1.1e-05,0,GALAXY,BROADLINE
733,52207,222,26,825345691638327296,214935.23,+113842.10,0.239369,2.6e-05,0,QSO,BROADLINE
735,52519,461,26,827663192506263552,220802.87,+131334.55,0.116217,7e-06,0,GALAXY,STARBURST
746,52238,531,26,840067328220620800,232943.09,+152219.96,0.102811,8e-06,0,GALAXY,STARFORMING
753,52233,94,26,847828505839298560,002425.95,+140410.65,0.01424,6e-06,0,GALAXY,STARBURST
761,54524,477,26,856941021769000960,082542.87,+422758.54,0.095067,6e-06,0,GALAXY,STARBURST
764,52238,266,26,860260683898447872,085023.72,+473633.94,0.05433,6e-06,0,GALAXY,STARFORMING
767,52252,313,26,863651303115483136,091857.56,+512214.63,0.013792,4e-06,0,GALAXY,STARFORMING
778,54525,278,26,876026619498620928,120212.21,+620814.00,0.004035,1.5e-05,0,GALAXY,STARFORMING
778,54525,497,26,876086817760241664,120725.65,+623457.92,0.039542,8e-06,0,GALAXY,STARBURST
781,52373,607,26,879494717945964544,125017.09,+632520.30,0.167322,2.3e-05,0,GALAXY,
788,52338,311,26,887294652846204928,140045.72,+591941.81,0.010144,2.7e-05,0,GALAXY,STARBURST
807,52295,614,26,908770038360598528,025245.21,+003958.40,0.280297,4.3e-05,0,GALAXY,
819,52409,369,26,922213494068111360,164608.27,+363705.21,0.136404,2.4e-05,0,GALAXY,
844,52378,445,26,950381881940011008,121808.09,+060822.34,0.018463,1.1e-05,0,GALAXY,STARBURST
853,52374,422,26,960508658842626048,133344.24,+044755.16,0.079583,1.3e-05,0,GALAXY,AGN
853,52374,577,26,960551264918202368,133810.13,+053504.40,0.057995,7e-06,0,GALAXY,STARBURST
861,52318,489,26,969534273977608192,081334.18,+313252.14,0.01953,5e-06,0,GALAXY,STARBURST
862,52325,108,26,970555445519345664,082217.47,+330105.22,0.103058,3.4e-05,0,GALAXY,
870,52325,536,26,979680292518258688,093124.00,+441857.32,0.143162,1.7e-05,0,GALAXY,
880,52367,588,26,990953585942489088,114721.61,+522658.53,0.048669,7e-06,0,GALAXY,AGN
896,52592,34,26,1008815705866397696,085246.95,+425005.67,0.054176,6e-06,0,GALAXY,AGN BROADLINE
900,52637,534,26,1013456745202214912,092549.16,+491651.51,0.192064,1.5e-05,0,GALAXY,BROADLINE
934,52672,483,26,1051723323848812544,084725.06,+355451.43,0.186629,8e-06,0,GALAXY,STARBURST
939,52636,403,26,1057330832546490368,092555.59,+421347.42,0.127863,1.6e-05,0,GALAXY,AGN BROADLINE
939,52636,637,26,1057395153976715264,093239.71,+410610.26,0.145267,1.4e-05,0,GALAXY,AGN
952,52409,247,26,1071924646573533184,112830.79,+583342.63,0.00999,1e-05,0,GALAXY,STARBURST
955,52409,608,26,1075401577218467840,122505.41,+610911.30,0.002341,4e-06,0,GALAXY,STARBURST
964,52646,570,26,1085524234995787776,110918.05,+494753.73,0.046647,7e-06,0,GALAXY,STARBURST
966,52642,221,26,1087680102352840704,112900.55,+484359.25,0.073582,7e-06,0,GALAXY,STARFORMING
967,52636,302,26,1088828267269482496,113328.95,+491413.01,0.000845,3e-06,0,GALAXY,STARBURST
969,52442,134,26,1091033884340021248,120540.41,+491029.27,0.214976,4.5e-05,0,GALAXY,
1010,52649,301,26,1137241688603912192,103927.45,+522841.97,0.021838,5e-06,0,GALAXY,STARFORMING
1018,52672,359,26,1146264831163131904,115628.13,+550730.85,0.003714,1.2e-05,0,GALAXY,AGN
1019,52707,261,26,1147363793622296576,121409.47,+543136.69,0.008178,7e-06,0,GALAXY,STARBURST
1039,52707,288,26,1169889213462636544,125553.79,+532633.07,0.023325,5e-06,0,GALAXY,STARFORMING
1048,52736,424,26,1180059696506103808,145056.59,+483726.28,0.091899,7e-06,0,GALAXY,STARBURST
1055,52761,515,26,1187966010162964480,160650.38,+382233.33,0.103177,3.9e-05,0,GALAXY,
1162,52668,406,26,1308407336942987264,143548.08,+555917.51,0.126886,7e-06,0,GALAXY,STARBURST
1185,52642,345,26,1334286266811836416,081953.53,+041409.22,0.432552,0.000131,0,GALAXY,BROADLINE
1198,52669,230,26,1348891355094476800,085319.47,+385239.01,0.127652,6e-06,0,GALAXY,AGN
1216,52709,619,26,1369264481594533888,095545.56,+413429.87,0.015659,5e-06,0,GALAXY,STARBURST
1222,52763,341,26,1375943465883428864,111349.74,+093510.65,0.029251,6e-06,0,GALAXY,AGN
1223,52781,386,26,1377081735598073856,112553.48,+095914.84,0.003863,1.3e-05,0,GALAXY,STARFORMING
1237,52762,621,26,1392908930283235328,101800.00,+083820.28,0.180729,0.280198,0,GALAXY,
1246,54478,520,26,1403014295565920256,054637.11,-001359.88,2.9e-05,1.7e-05,0,GALAXY,
1247,52677,229,26,1404060175786076160,054738.74,-004036.04,3.3e-05,2.1e-05,0,GALAXY,
1247,52677,259,26,1404068422123284480,054846.94,-005909.04,0.000239,1.6e-05,0,GALAXY,
1250,52930,543,26,1407524191414020096,042348.59,+271617.31,0.559269,9.2e-05,0,GALAXY,
1251,52964,193,26,1408553884623857664,041915.71,+283906.86,0.557397,0.000179,0,GALAXY,
1251,52964,559,26,1408654489937799168,042316.59,+291449.97,0.059338,2e-05,0,GALAXY,BROADLINE
1254,52972,234,26,1411942854472787968,041338.80,+252858.49,0.012713,1.3e-05,0,GALAXY,
1256,52902,38,26,1414140777042307072,043929.45,+250540.10,1.3e-05,1.3e-05,0,GALAXY,
1256,52902,362,26,1414229837484156928,043448.94,+262208.05,5.6e-05,1.4e-05,0,GALAXY,
1256,52902,402,26,1414240832600434688,043548.83,+261201.75,0.558522,0.000175,0,GALAXY,
1256,52902,506,26,1414269419902756864,043721.36,+253159.66,0.55647,0.000178,0,GALAXY,
1256,52902,585,26,1414291135257405440,044014.68,+254258.85,0.760756,3.1e-05,0,GALAXY,
1256,52902,636,26,1414305154030659584,044049.16,+254114.69,0.000179,2e-05,0,GALAXY,
1257,52944,209,26,1415313681775880192,044235.21,+252004.52,1.8e-05,1.6e-05,0,GALAXY,
1257,52944,244,26,1415323302502623232,044157.23,+250523.36,0.00014,1.6e-05,0,GALAXY,
1257,52944,253,26,1415325776403785728,044026.00,+255115.31,6.8e-05,1.9e-05,0,GALAXY,
1257,52944,300,26,1415338695665412096,044020.18,+255805.79,0.760695,3.1e-05,0,GALAXY,
1257,52944,314,26,1415342543956109312,044023.27,+245402.10,0.012341,2.6e-05,0,GALAXY,
1291,52738,523,26,1453680586815203328,150633.62,+423825.30,0.018282,7e-06,0,GALAXY,STARBURST
1303,53050,443,26,1467169400699250688,093346.09,+100909.01,0.010779,8e-06,0,GALAXY,AGN BROADLINE
1304,52993,552,26,1468325261341648896,093749.93,+101138.07,0.093555,6e-06,0,GALAXY,STARFORMING
1311,52765,262,26,1476126842271328256,113549.08,+565708.23,0.051407,1.6e-05,0,GALAXY,AGN BROADLINE
1311,52765,359,26,1476153505428301824,113351.93,+572715.75,0.162523,2.4e-05,0,GALAXY,
1311,52765,519,26,1476197485893412864,114348.81,+571845.44,0.17376,7e-06,0,GALAXY,AGN
1323,52797,335,26,1489657707777517568,134642.91,+555038.49,0.116411,1.2e-05,0,GALAXY,AGN
1324,53088,183,26,1490741831124674560,140533.32,+542740.19,0.00105,4e-06,0,GALAXY,STARBURST
1324,53088,456,26,1490816872793270272,140512.42,+554430.67,0.005495,5e-06,0,GALAXY,AGN BROADLINE
1325,52762,634,26,1491991695498176512,141946.60,+542314.78,0.152479,6.8e-05,0,GALAXY,
1327,52781,18,26,1494074170839951360,144545.12,+513450.93,0.029627,1e-05,0,GALAXY,STARFORMING
1327,52781,215,26,1494128321787619328,143730.77,+513342.70,0.007286,7e-06,0,GALAXY,BROADLINE
1330,52822,391,26,1497554400707635200,150803.17,+485728.14,0.110975,8e-06,0,GALAXY,STARFORMING
1333,52782,585,26,1500985426071021568,154958.18,+450641.66,0.119269,1.5e-05,0,GALAXY,STARFORMING
1360,53003,633,26,1531397921403070464,103925.72,+414927.45,0.12385,1.2e-05,0,GALAXY,STARBURST
1360,53033,186,26,1531275051481982976,103007.08,+412353.53,0.189743,0.000127,0,GALAXY,STARBURST BROADLINE
1366,53063,83,26,1538002139001939968,113452.95,+440017.47,0.018507,5e-06,0,GALAXY,STARBURST
1366,53063,430,26,1538097521635649536,113043.87,+452939.20,0.181529,2.8e-05,0,GALAXY,
1377,53050,441,26,1550485444049790976,134519.14,+414244.78,0.008503,1.2e-05,0,GALAXY,AGN
1382,53115,193,26,1556046774953601024,143722.14,+363404.28,0.014152,7e-06,0,GALAXY,AGN
1388,53119,128,26,1562784307397814272,153253.78,+302059.40,0.362049,1.5e-05,0,GALAXY,STARBURST
1404,52825,251,26,1580832510957348864,155658.66,+315434.87,0.04782,1.4e-05,0,GALAXY,BROADLINE
1420,53146,528,26,1598923056032540672,161754.04,+320627.45,0.116885,1.5e-05,0,GALAXY,STARFORMING
1421,53149,253,26,1599973364565305344,162730.42,+275459.22,0.132978,8e-06,0,GALAXY,
1427,52996,221,26,1606719965346424832,101624.52,+375445.96,0.003879,6e-06,0,GALAXY,STARBURST
1429,52990,416,26,1609025366251300864,102856.98,+450910.94,0.169991,2.1e-05,0,GALAXY,AGN BROADLINE
1430,53002,356,26,1610134773685053440,102543.29,+393846.97,0.023427,7e-06,0,GALAXY,BROADLINE
1451,53117,116,26,1633712702960461824,122226.58,+470400.29,0.186958,9e-06,0,GALAXY,STARBURST
1453,53084,289,26,1636012056098400256,122728.70,+461825.86,4.58547,0.000398,0,QSO,BROADLINE
1460,53138,244,26,1643880986846455808,130812.09,+414034.83,0.02777,1e-05,0,GALAXY,AGN BROADLINE
1462,53112,638,26,1646241088119269376,132834.01,+415108.21,1.35975,0.000155,16,QSO,
1463,53063,262,26,1647263633111017472,132401.63,+454620.72,0.125265,1.1e-05,0,GALAXY,BROADLINE
1467,53115,579,26,1651854369907304448,141007.11,+450817.55,0.066767,7e-06,0,GALAXY,STARBURST
1513,53741,637,26,1703661719043205120,030828.02,+002252.28,0.042372,6e-06,0,GALAXY,STARBURST
1543,53738,574,26,1737421398890014720,003148.13,+001132.38,0.125358,6e-06,0,GALAXY,STARFORMING
1566,53003,429,26,1763277227119634432,032440.13,+002252.25,0.245902,5.6e-05,0,GALAXY,STARBURST BROADLINE
1574,53476,577,26,1772325116240226304,162718.80,+255229.63,0.192309,3.1e-05,0,GALAXY,
1578,53496,1,26,1776670386528741376,160854.21,+281837.70,0.172819,2e-05,0,GALAXY,
1583,52941,333,26,1782391136216705024,075528.97,+213038.24,0.273066,3.5e-05,0,GALAXY,
1601,53115,547,26,1802716161331193856,104856.95,+121138.04,0.004396,6e-06,0,GALAXY,STARBURST
1602,53117,380,26,1803796156661131264,105317.19,+124638.79,0.021807,4e-06,0,GALAXY,STARBURST
1612,53149,73,26,1814970768748996608,121329.49,+114056.88,0.020655,7e-06,0,GALAXY,STARBURST
1615,53166,120,26,1818361388016363520,123048.60,+120242.82,0.004185,3e-06,0,GALAXY,STARBURST
1616,53169,135,26,1819491411142141952,123632.71,+111528.77,0.007577,1.3e-05,0,GALAXY,BROADLINE
1617,53112,454,26,1820704996144998400,111843.11,+075812.64,0.107076,3.2e-05,0,GALAXY,
1620,53137,443,26,1824079672627980288,114222.33,+084611.51,0.021607,1.3e-05,0,GALAXY,BROADLINE
1621,53383,336,26,1825176164725975040,114318.21,+082127.19,0.185467,2.4e-05,0,GALAXY,
1624,53386,594,26,1828624782996826112,121633.78,+072743.52,0.008621,5e-06,0,GALAXY,BROADLINE
1625,53140,626,26,1829759474869495808,122341.48,+080651.29,0.139288,1.6e-05,0,GALAXY,AGN
1626,53472,190,26,1830765533578946560,122323.90,+072825.63,0.014278,1.5e-05,0,GALAXY,STARBURST
1642,53115,81,26,1848749964407105536,140410.72,+362056.84,0.187623,5.4e-05,0,GALAXY,
1655,53523,526,26,1863508990709753856,155843.70,+264905.34,0.014155,4e-06,0,GALAXY,STARBURST
1658,53240,319,26,1866829785955592192,161925.98,+215939.96,0.123463,2.1e-05,0,GALAXY,
1671,53446,10,26,1881381550927407104,141118.31,+481257.66,0.134742,3.9e-05,0,GALAXY,
1672,53460,489,26,1882639117586556928,141943.23,+491411.93,0.025528,5.1e-05,0,GALAXY,STARBURST
1679,53149,616,26,1890555321210923008,153447.54,+414559.39,0.18154,4.87105,0,GALAXY,
1692,53473,6,26,1905024349912459264,165937.48,+250548.55,0.090928,3.1e-05,0,GALAXY,STARBURST
1699,53148,495,26,1913040059104258048,132926.20,+115118.98,0.147515,9e-06,0,GALAXY,
1701,53142,180,26,1915205272276592640,134558.91,+112847.76,0.237254,9e-06,0,GALAXY,STARBURST
1701,53142,496,26,1915292133695186944,134719.24,+114915.11,0.279798,2.6e-05,0,GALAXY,BROADLINE
1702,53144,178,26,1916330622461175808,135515.46,+110905.81,0.20572,1.43456,0,GALAXY,
1707,53885,113,26,1921942267363354624,142353.18,+100306.61,0.119877,2.5e-05,0,GALAXY,BROADLINE
1707,53885,587,26,1922072559491246080,142436.24,+115315.64,0.276956,1.7e-05,0,GALAXY,STARBURST
1719,53876,89,26,1935446469024704512,151538.69,+081802.72,0.03394,1.9e-05,0,GALAXY,
1719,53876,196,26,1935475880960747520,151231.78,+090028.02,0.082474,6e-06,0,GALAXY,STARBURST
1724,53859,116,26,1941083389977192448,154327.03,+075442.08,0.036574,8e-06,0,GALAXY,STARFORMING BROADLINE
1724,53859,318,26,1941138915314395136,153646.56,+075000.93,0.011138,8e-06,0,GALAXY,STARFORMING
1740,53050,265,26,1959138731722041344,091946.86,+102759.75,0.120275,9e-06,0,GALAXY,AGN
1740,53050,295,26,1959146978059249664,091828.81,+101904.34,0.031255,4e-06,0,GALAXY,STARFORMING
1745,53061,196,26,1964749264865224704,101227.02,+122037.50,0.009565,4e-06,0,GALAXY,STARBURST
1751,53377,288,26,1971529958375319552,110235.01,+131245.91,0.059997,7e-06,0,GALAXY,STARFORMING
1761,53376,293,26,1982790331816503296,114216.88,+140359.75,0.020737,1.1e-05,0,GALAXY,AGN
1762,53415,435,26,1983955265040443392,115003.19,+150130.13,0.130405,7e-06,0,GALAXY,STARFORMING
1769,53502,17,26,1991721666882856960,124458.78,+140618.37,0.227673,3.9e-05,0,GALAXY,
1782,53299,412,26,2006466939039279104,082318.24,+552812.51,0.100496,1.1e-05,0,GALAXY,AGN
1784,54425,75,26,2008626123889469440,084549.66,+573239.33,0.085259,5e-06,0,GALAXY,STARFORMING
1787,54465,443,26,2012104979350841344,092130.07,+641419.35,0.004768,5e-06,0,GALAXY,STARBURST
1788,54468,239,26,2013174804214999040,094014.25,+641112.83,0.015813,5e-06,0,GALAXY,STARBURST
1802,53885,602,26,2029037173809899520,134025.27,+101621.12,0.1678,1.6e-05,0,GALAXY,AGN
1805,53875,413,26,2032362921438242816,135110.82,+072846.07,0.150067,8e-06,0,GALAXY,AGN
1809,53792,99,26,2036780208010323968,140854.47,+085458.43,0.058388,7e-06,0,GALAXY,STARBURST
1814,54555,395,26,2042491084206008320,144928.83,+083912.64,0.049471,6e-06,0,GALAXY,STARBURST
1816,53919,545,26,2044784105035425792,151018.41,+074219.58,0.042387,1e-05,0,GALAXY,BROADLINE
1946,53432,350,26,2191097483562608640,094312.01,+315543.34,0.005132,9e-06,0,GALAXY,
1975,53734,467,26,2223780746642876416,124348.72,+320813.75,0.002261,7e-06,0,GALAXY,STARBURST
1989,53772,606,26,2239581554005272576,125633.55,+391759.91,0.126792,1.8e-05,0,GALAXY,
1999,53503,224,26,2250735545200175104,121536.77,+333145.34,4.6e-05,1e-05,0,GALAXY,
2001,53493,146,26,2252965904369346560,121749.31,+375155.50,0.000607,5e-06,0,GALAXY,STARBURST
2003,53442,450,26,2255301266211104768,122436.72,+372436.55,0.04038,5e-06,0,GALAXY,STARBURST
2016,53799,185,26,2269865128344184832,130624.19,+351343.04,0.016196,5e-06,0,GALAXY,STARBURST
2016,53799,430,26,2269932473431386112,130422.20,+361543.19,0.044543,1.3e-05,0,GALAXY,AGN
2016,53799,590,26,2269976453896497152,131131.45,+361654.56,0.003652,1e-05,0,GALAXY,STARBURST
2019,53430,327,26,2273281854536706048,103842.76,+325230.29,0.10048,9e-06,0,GALAXY,AGN
2022,53827,88,26,2276593865098029056,124700.25,+351817.02,0.168252,2.7e-05,0,GALAXY,
2022,53827,286,26,2276648290923603968,124144.55,+350345.96,0.023094,9e-06,0,GALAXY,AGN BROADLINE
2025,53431,7,26,2279949293064316928,104955.07,+325926.96,0.005684,7e-06,0,GALAXY,STARFORMING
2026,53711,425,26,2281190096633882624,105120.74,+324558.96,0.002115,8e-06,0,GALAXY,STARFORMING
2028,53818,60,26,2283341567806695424,135036.02,+334217.38,0.014338,7e-06,0,GALAXY,AGN BROADLINE
2089,53498,416,26,2352119313290258432,120611.43,+350525.67,0.080826,1.2e-05,0,GALAXY,AGN BROADLINE
2095,53474,347,26,2358855745753081856,115736.87,+321639.42,0.01028,9e-06,0,GALAXY,STARFORMING
2097,53491,183,26,2361062465875240960,114444.89,+331915.46,0.031065,1.3e-05,0,GALAXY,AGN BROADLINE
2100,53713,106,26,2364419003721476096,112732.59,+332641.30,0.02427,6e-06,0,GALAXY,STARFORMING
2105,53472,230,26,2370082584072841216,121007.97,+355239.41,0.02249,9e-06,0,GALAXY,BROADLINE
2117,54115,230,26,2383593393742702592,135338.11,+313325.15,0.112719,3.4e-05,0,GALAXY,AGN BROADLINE
2117,54115,351,26,2383626653969442816,135317.79,+332927.06,0.007899,8e-06,0,GALAXY,AGN
2120,53852,540,26,2387056301201975296,140131.58,+281711.95,0.027189,1.3e-05,0,GALAXY,
2123,53793,77,26,2390306731461732352,141109.74,+265051.37,0.130085,2.7e-05,0,GALAXY,
2131,53819,447,26,2399415635978250240,142414.55,+270205.35,0.174161,3.5e-05,0,GALAXY,AGN BROADLINE
2134,53876,45,26,2402682835736487936,143109.63,+265309.27,0.052924,6e-06,0,GALAXY,
2165,53917,68,26,2437592055728334848,154224.12,+234053.94,0.295523,3.1e-05,0,GALAXY,BROADLINE
2167,53889,71,26,2439844679705978880,154658.88,+175303.07,0.010977,8e-06,0,GALAXY,STARBURST
2168,53886,332,26,2441042322696202240,154234.52,+211120.67,0.133965,2e-05,0,GALAXY,
2199,53556,78,26,2475875395283478528,160632.20,+174249.94,0.040346,1.1e-05,0,GALAXY,BROADLINE
2201,53904,263,26,2478178053348419584,161329.66,+160425.73,0.113931,2.5e-05,0,GALAXY,
2218,53816,133,26,2497282616160446464,112936.81,+255608.37,0.141047,6e-06,0,GALAXY,AGN
2222,53799,480,26,2501881598136313856,114438.45,+295323.70,0.076049,8e-06,0,GALAXY,STARFORMING
2225,53729,345,26,2505222188164999168,115446.09,+300830.45,0.177966,1.9e-05,0,GALAXY,
2228,53818,334,26,2508596865721722880,120443.32,+311038.23,0.024998,1.1e-05,0,GALAXY,AGN
2233,53845,371,26,2514236536191477760,122129.19,+282208.41,0.008583,4e-06,0,GALAXY,STARBURST
2235,53847,86,26,2516409995835238400,123308.45,+262057.74,0.02418,1e-05,0,GALAXY,
2238,54205,222,26,2519825084957353984,124517.26,+270732.15,0.00363,5e-06,0,GALAXY,STARBURST
2245,54208,467,26,2527773729442785280,133245.62,+263449.35,0.047005,1.8e-05,0,GALAXY,AGN
2266,53679,82,26,2551311790617159680,080202.70,+140315.16,0.593492,0.000104,0,GALAXY,
2266,53679,422,26,2551405249105520640,075940.12,+152312.54,0.015516,4e-06,0,GALAXY,AGN BROADLINE
2281,53711,156,26,2568220630721783808,085436.70,+180552.98,4.98153,0.001393,0,QSO,
2286,53700,472,26,2573936991490041856,090823.32,+195827.26,0.031904,5e-06,0,GALAXY,STARBURST
2292,53713,73,26,2580582714864330752,094140.70,+212102.49,0.175758,2.3e-05,0,GALAXY,
2297,53738,349,26,2586288081120290816,093651.36,+264303.68,0.294546,8e-06,0,GALAXY,STARBURST
2322,53727,365,26,2614439976653318144,025645.60,+060318.44,0.026187,5e-06,0,GALAXY,STARBURST
2357,53793,115,26,2653777755023370240,105957.65,+254306.18,0.108871,3.3e-05,0,GALAXY,AGN BROADLINE
2418,53794,116,26,2722457924235454464,080446.41,+104635.90,0.034745,8e-06,0,GALAXY,AGN BROADLINE
2421,54153,494,26,2725939533827827712,081303.29,+103519.95,0.032722,6e-06,0,GALAXY,STARBURST
2430,53815,267,26,2736010230033836032,084943.94,+121755.37,0.050553,1.4e-05,0,GALAXY,STARFORMING
2440,53818,135,26,2747232945268877312,092405.31,+141021.57,0.135733,3.8e-05,0,QSO,STARFORMING BROADLINE
2445,54573,16,26,2752829746998962176,134153.57,+655300.80,0.759245,0.000101,0,GALAXY,
2477,54058,460,26,2788980581168343040,104232.62,+235410.00,0.044044,1.4e-05,0,GALAXY,BROADLINE
2487,53852,117,26,2800145293658580992,110329.78,+162212.42,0.04662,1e-05,0,GALAXY,
2494,54174,361,26,2808093668618037248,111746.30,+174424.69,0.004916,3e-06,0,GALAXY,STARBURST
2497,54154,246,26,2811439757043722240,112231.93,+230621.14,0.02145,5e-06,0,GALAXY,STARBURST
2508,53875,389,26,2823863958878840832,114016.99,+174340.43,0.011586,1.3e-05,0,GALAXY,
2511,53882,29,26,2827142702670309376,115248.18,+212255.57,0.171645,1.2e-05,0,GALAXY,STARFORMING
2513,54141,309,26,2829471472643237888,114805.45,+214945.35,0.026759,5e-06,0,GALAXY,STARBURST
2516,54241,391,26,2832871714029856768,153904.36,+114240.89,0.035302,4e-06,0,GALAXY,STARFORMING
2525,54569,606,26,2843063917444360192,161138.30,+122416.03,0.034813,6e-06,0,GALAXY,STARFORMING
2528,54571,470,26,2846404233803098112,161325.99,+115956.72,0.064948,1e-05,0,GALAXY,STARFORMING
2538,54271,59,26,2857550253018605568,214057.62,+722108.81,1.8e-05,1.3e-05,0,GALAXY,
2538,54271,261,26,2857605778355808256,212951.02,+732643.20,0.760351,7.3e-05,0,GALAXY,
2538,54271,359,26,2857632716390688768,211728.44,+733330.83,8.4e-05,1.3e-05,0,GALAXY,
2538,54271,381,26,2857638763704641536,212416.03,+735718.06,7.6e-05,1.3e-05,0,GALAXY,
2546,54625,124,26,2866575325276432384,213540.31,+721210.39,0.556173,0.000224,0,GALAXY,
2555,54265,8,26,2876676532561012736,204933.93,+550644.01,0.558302,0.000118,0,GALAXY,
2555,54265,10,26,2876677082316826624,205410.63,+555118.84,0.556591,0.00024,0,GALAXY,
2561,54597,345,26,2883524571426744320,171901.29,+643830.98,0.089538,1.6e-05,0,GALAXY,STARBURST
2567,54179,177,26,2890233784366557184,103259.83,+442202.23,0.2155,2.31366,0,GALAXY,
2568,54153,3,26,2891311855081383936,122809.45,-005406.29,0.196603,0.076641,0,GALAXY,
2580,54092,470,26,2904951020922628096,093801.64,+135317.07,0.100602,6e-06,0,GALAXY,STARBURST
2608,54474,8,26,2936349231130109952,120541.89,+184154.48,0.177218,2.4e-05,0,GALAXY,BROADLINE
2638,54095,614,26,2970292797988431872,034612.45,+010146.41,0.066947,1.1e-05,0,GALAXY,STARBURST
2648,54485,584,26,2981543557262764032,124740.68,+225415.34,0.114689,2.8e-05,0,GALAXY,AGN BROADLINE
2660,54504,446,26,2995016423312484352,124131.47,+260233.59,0.01594,8e-06,0,GALAXY,STARFORMING
2714,54208,222,26,3055753440664774656,075053.94,+173133.02,2.8e-05,7e-06,0,GALAXY,
2742,54233,385,26,3087323443574630400,134537.73,+164610.77,0.08866,1.9e-05,0,GALAXY,STARBURST
2744,54272,561,26,3089623622554249216,140622.32,+162900.38,0.013781,7e-06,0,GALAXY,
2748,54234,456,26,3094098359363856384,143929.67,+150858.56,0.161803,1.2e-05,0,GALAXY,AGN
2754,54240,372,26,3100830669161392128,153000.84,+125921.57,0.013298,1e-05,0,GALAXY,STARBURST
2772,54529,566,26,3121150198647121920,141550.09,+211432.22,0.116378,7e-06,0,GALAXY,STARBURST
2776,54554,219,26,3125558416060213248,144147.37,+175534.46,0.185574,9e-06,0,GALAXY,AGN
2777,54554,201,26,3126679368164730880,144933.11,+171200.99,0.037228,6e-06,0,GALAXY,STARFORMING
2779,54540,261,26,3128947660417951744,150136.30,+164346.86,0.031924,6e-06,0,GALAXY,STARBURST
2787,54552,606,26,3138049692751915008,143154.10,+215618.35,0.044282,1.6e-05,0,GALAXY,STARBURST
2789,54555,502,26,3140272905313609728,144400.79,+211850.53,0.187696,2e-05,0,GALAXY,
2791,54556,321,26,3142474952242915328,145440.68,+203834.87,0.185397,2.1e-05,0,GALAXY,
2799,54368,3,26,3151394737169131520,173934.43,+432809.32,0.75922,9.5e-05,0,GALAXY,
2806,54425,5,26,3159276587229145088,081354.34,-082319.60,0.762352,4e-05,0,GALAXY,
2807,54433,195,26,3160454714072524800,082956.49,-044426.81,1.9e-05,8e-06,0,GALAXY,
2815,54414,228,26,3169470983979427840,204713.08,+022901.26,0.76036,0.00011,0,GALAXY,
2880,54509,230,26,3242655029273847808,122316.54,+045010.12,0.017845,6e-06,0,GALAXY,STARBURST
2961,54550,550,26,3333940883346188288,092302.10,+331006.28,0.176008,7e-06,0,GALAXY,
3175,54828,372,104,3574834539807219712,083644.33,+482341.90,0.00018,7e-06,0,GALAXY,
3290,54941,314,104,3704297088071344128,165342.06,+220132.96,0.000163,6e-06,0,GALAXY,
3324,54943,272,104,3742566140065456128,100547.76,+541339.66,0.000121,9e-06,0,GALAXY,
3480,54999,228,104,3918194431844524032,164229.82,+314016.12,0.724053,0.068995,0,GALAXY,
3676,55186,109,v5_10_0,4138838106253008896,075540.28,+433010.90,0.131931,2.7e-05,0,GALAXY,
3788,55246,275,v5_10_0,4264984526558568448,111332.49,-021253.34,0.476202,4.3e-05,0,QSO,AGN BROADLINE
3942,55338,939,v5_10_0,4438555632686047232,154920.29,+232832.64,0.085714,9e-06,0,GALAXY,STARBURST
3946,55659,189,v5_10_0,4442853079268696064,155222.76,+254402.19,0.145526,1.9e-05,0,GALAXY,STARFORMING
4079,55363,773,v5_10_0,4592758290610364416,210931.70,+080114.89,0.133265,1.2e-05,0,GALAXY,
4181,55685,230,v5_10_0,4707450827807105024,165315.06,+234942.97,0.1032,2.7e-05,0,QSO,AGN BROADLINE
4312,55511,732,v5_10_0,4855081701393539072,011330.05,+042751.99,0.05911,4.8e-05,0,QSO,BROADLINE
4317,55480,655,v5_10_0,4860690034808823808,220159.94,+043511.63,0.417411,1.5e-05,0,GALAXY,AGN BROADLINE
4320,55894,922,v5_10_0,4864141133876273152,223005.34,+043438.90,0.124013,1e-05,0,GALAXY,AGN BROADLINE
4350,55556,266,v5_10_0,4897737805503897600,014308.30,-024715.83,0.20525,2.8e-05,0,GALAXY,
4352,55533,227,v5_10_0,4899978884693336064,012625.13,-025150.83,0.132837,1.3e-05,0,GALAXY,STARFORMING
4391,55866,835,v5_10_0,4944056112414433280,022249.02,-053401.08,0.068774,9e-06,0,GALAXY,STARFORMING
4745,55892,18,v5_10_0,5342400104622956544,080821.10,+005035.32,0.101533,1.7e-05,0,GALAXY,AGN BROADLINE
4755,55660,45,v5_10_0,5353666521502556160,124736.13,+025209.91,0.432953,7e-05,0,QSO,AGN BROADLINE
4767,55946,889,v5_10_0,5367409322136412160,113818.39,+060620.15,0.498823,2.2e-05,0,QSO,AGN BROADLINE
4776,55652,25,v5_10_0,5377304921853894656,151333.84,+040222.87,0.217157,2.9e-05,0,QSO,BROADLINE
5001,55719,40,v5_10_0,5630636525186162688,172355.45,+291908.24,0.200945,3.4e-05,0,GALAXY,
5022,55827,133,v5_10_0,5654305988687142912,215802.93,+184447.89,0.409476,1.4e-05,0,GALAXY,AGN
5042,55856,436,v5_10_0,5676907275316338688,221914.90,+133619.48,-0.001318,1.8e-05,0,STAR,F0Ib (36673)
5068,55749,474,v5_10_0,5706191116459548672,220838.55,+074639.89,6.6e-05,1.2e-05,0,STAR,F8V (30562)
5129,55864,169,v5_7_0,5774787174944403456,013555.88,+162020.21,0.185071,7.6e-05,0,QSO,BROADLINE
5309,55929,249,v5_10_0,5977471149499457536,092626.29,+074527.57,0.078844,7e-06,0,GALAXY,STARBURST
5357,55956,673,v5_10_0,6031630893713432576,105755.71,+122326.42,0.180888,1.5e-05,0,GALAXY,STARBURST
5399,55956,245,v5_10_0,6078801042056650752,122252.93,+095846.24,0.276473,1.4e-05,0,GALAXY,STARFORMING
5428,56029,869,v5_10_0,6111623664393756672,132439.52,+171848.44,0.149939,2.6e-05,0,GALAXY,STARFORMING
5430,56000,211,v5_10_0,6113694594058133504,132734.11,+092134.39,0.399017,2.4e-05,0,GALAXY,AGN
5867,56034,304,v5_10_0,6605738417564131328,131642.90,+175332.64,0.150326,2.3e-05,0,QSO,AGN BROADLINE
5994,56101,342,v5_10_0,6748738152217681920,130743.95,+261608.83,0.352224,4.3e-05,0,GALAXY,AGN BROADLINE
6000,56102,85,v5_10_0,6755422908053430272,133247.93,+263015.52,0.107279,1.8e-05,0,GALAXY,STARBURST
6031,56091,7,v5_10_0,6790304364504260608,165205.39,+430902.38,0.633688,4.3e-05,0,QSO,BROADLINE
6138,56598,213,v5_10_0,6910832287891300352,234455.75,+152303.65,0.248379,2e-05,0,GALAXY,STARFORMING BROADLINE
6138,56598,270,v5_10_0,6910847955931996160,234420.75,+154611.89,0.197554,1e-05,0,GALAXY,BROADLINE
6138,56598,559,v5_10_0,6910927395647102976,234051.87,+164151.54,0.189315,1.2e-05,0,GALAXY,STARFORMING
6140,56189,595,v5_10_0,6913189084203556864,225849.98,+154912.67,0.072794,9e-06,0,GALAXY,STARBURST
6258,56238,282,v5_10_0,7045959237248196608,011434.99,+253306.00,0.183205,2.7e-05,0,GALAXY,BROADLINE
6261,56219,680,v5_10_0,7049446338056921088,012136.18,+275338.76,0.191072,2.4e-05,0,GALAXY,
6293,56561,573,v5_10_0,7085445728877649920,225329.63,+283552.40,0.105951,1.6e-05,0,GALAXY,STARBURST
6402,56334,33,v5_10_0,7208020380845318144,120149.90,+280610.70,0.055928,1.1e-05,0,GALAXY,STARBURST
6415,56310,569,v5_10_0,7222804413789741056,113053.52,+245849.99,0.409322,5.3e-05,0,QSO,AGN BROADLINE
6431,56311,161,v5_10_0,7240706662129967104,113804.49,+200026.15,0.063786,7e-06,0,GALAXY,STARBURST
6473,56363,672,v5_10_0,7288134921700220928,120041.39,+314746.28,0.116138,2e-05,0,QSO,AGN BROADLINE
6474,56362,767,v5_10_0,7289286934991446016,122836.54,+295629.36,0.207626,1.2e-05,0,GALAXY,
6485,56342,655,v5_10_0,7301641047305592832,125019.05,+323252.51,0.023323,7e-06,0,GALAXY,STARFORMING
6514,56487,671,v5_10_0,7334296545083236352,233422.03,+291228.67,0.128269,1.5e-05,0,GALAXY,STARFORMING
6592,56535,653,v5_10_0,7422111790819942400,230555.56,+222030.52,0.179722,9.7e-05,0,QSO,BROADLINE
6596,56331,812,v5_10_0,7426659092611964928,012546.94,+312500.73,0.100911,6e-06,0,GALAXY,AGN
6788,56428,257,v5_10_0,7642679319114784768,163228.44,+541449.39,0.213396,4.1e-05,0,QSO,BROADLINE
6974,56442,627,v5_10_0,7852198406847963136,120653.73,+650152.20,0.506283,2.2e-05,0,QSO,AGN BROADLINE
7035,56568,452,v5_10_0,7920830199645577216,000331.28,-053848.36,0.100312,1.6e-05,0,GALAXY,
7047,56572,461,v5_10_0,7934343472495960064,012137.52,-051844.74,0.533909,2.6e-05,0,GALAXY,AGN
7048,56575,454,v5_10_0,7935467448307785728,012855.60,-055137.27,0.063283,1.4e-05,0,GALAXY,
7050,56573,475,v5_10_0,7937725020523962368,014159.92,-045315.84,0.038679,2.1e-05,0,GALAXY,STARFORMING
7054,56575,500,v5_10_0,7942235492132560896,024722.00,-043259.16,0.137883,1.8e-05,0,GALAXY,AGN BROADLINE
7056,56577,500,v5_10_0,7944487291979800576,025048.97,-055743.43,0.087087,1.7e-05,0,GALAXY,STARFORMING
7057,56593,115,v5_10_0,7945507364160905216,024639.41,-080525.99,0.068369,1.1e-05,0,GALAXY,STARFORMING BROADLINE
7101,56659,293,v5_10_0,7995095889436712960,110511.69,+551300.26,0.426155,3.7e-05,0,QSO,AGN BROADLINE
7140,56569,428,v5_10_0,8039043092811063296,230910.61,+333655.63,0.065416,1.1e-05,0,GALAXY,BROADLINE
7152,56660,174,v5_10_0,8052484074231537664,003600.56,-082503.36,0.122043,1.3e-05,0,GALAXY,STARFORMING
7161,56625,262,v5_10_0,8062641362061729792,013104.76,-074813.66,0.074718,5e-06,0,GALAXY,STARFORMING
7161,56625,702,v5_10_0,8062762308340785152,013003.13,-061519.94,0.320684,5.1e-05,0,GALAXY,
7163,56593,697,v5_10_0,8065012733228064768,014255.80,-071612.68,0.598537,0.000134,0,QSO,BROADLINE
7164,56597,405,v5_10_0,8066058368853188608,014803.19,-074736.19,0.465544,1.2e-05,0,GALAXY,AGN
